No.,Ticker,Company,Sector,Industry,Country,Market Cap,P/E,Price,Change,Volume,Multiplier
1,AAPL,Apple Inc,Technology,Consumer Electronics,USA,3919210000000.0,41.93,254.49,1.88%,125709972,1000000000.0
20,NVDA,NVIDIA Corp,Technology,Semiconductors,USA,3400280000000.0,53.06,134.7,3.08%,296473449,1000000000.0
18,MSFT,Microsoft Corporation,Technology,Software - Infrastructure,USA,3242880000000.0,36.04,436.6,-0.10%,54196617,1000000000.0
9,GOOG,Alphabet Inc,Communication Services,Internet Content & Information,USA,2392040000000.0,25.6,192.96,1.72%,45230894,1000000000.0
3,AMZN,Amazon.com Inc,Consumer Cyclical,Internet Retail,USA,2382300000000.0,48.2,224.92,0.73%,86980274,1000000000.0
16,META,Meta Platforms Inc,Communication Services,Internet Content & Information,USA,1451580000000.0,27.56,585.25,-1.73%,48273952,1000000000.0
4,AVGO,Broadcom Inc,Technology,Semiconductors,USA,1042880000000.0001,181.11,220.79,1.13%,130916221,1000000000.0
14,LLY,Lilly(Eli) & Co,Healthcare,Drug Manufacturers - General,USA,738680000000.0,83.99,767.76,1.35%,9491368,1000000000.0
12,JPM,JPMorgan Chase & Co,Financial,Banks - Diversified,USA,682250000000.0,13.22,237.6,1.99%,32287328,1000000000.0
15,MA,Mastercard Incorporated,Financial,Credit Services,USA,489040000000.0,39.93,528.03,0.91%,7284940,1000000000.0
6,COST,Costco Wholesale Corp,Consumer Defensive,Discount Stores,USA,423190000000.0,56.02,954.07,-0.08%,5316330,1000000000.0
10,HD,"Home Depot, Inc",Consumer Cyclical,Home Improvement Retail,USA,397670000000.0,26.67,392.6,1.97%,8036182,1000000000.0
19,NFLX,Netflix Inc,Communication Services,Entertainment,USA,391600000000.0,51.44,909.05,0.78%,4501242,1000000000.0
11,JNJ,Johnson & Johnson,Healthcare,Drug Manufacturers - General,USA,349990000000.0,23.88,144.47,0.62%,17607210,1000000000.0
5,BAC,Bank Of America Corp,Financial,Banks - Diversified,USA,345080000000.0,16.06,44.17,1.82%,73666087,1000000000.0
7,CRM,Salesforce Inc,Technology,Software - Application,USA,336130000000.0,56.54,343.65,2.21%,14740736,1000000000.0
2,ABBV,Abbvie Inc,Healthcare,Drug Manufacturers - General,USA,317620000000.0,61.23,175.58,2.37%,17695727,1000000000.0
13,KO,Coca-Cola Co,Consumer Defensive,Beverages - Non-Alcoholic,USA,269880000000.0,25.98,62.55,0.16%,42208654,1000000000.0
8,CVX,Chevron Corp,Energy,Oil & Gas Integrated,USA,259810000000.0,15.72,142.85,1.20%,31926308,1000000000.0
17,MRK,Merck & Co Inc,Healthcare,Drug Manufacturers - General,USA,244370000000.0,20.54,98.05,-1.48%,29270813,1000000000.0
9,CSCO,"Cisco Systems, Inc",Technology,Communication Equipment,USA,236670000000.0,25.2,58.52,1.54%,68983880,1000000000.0
20,NOW,ServiceNow Inc,Technology,Software - Application,USA,228220000000.0,169.76,1091.25,1.52%,1997334,1000000000.0
2,ACN,Accenture plc,Technology,Information Technology Services,Ireland,225590000000.0,30.71,366.37,-1.56%,6982683,1000000000.0
5,AXP,American Express Co,Financial,Credit Services,USA,214380000000.0,21.97,298.65,1.90%,6205080,1000000000.0
18,MCD,McDonald's Corp,Consumer Cyclical,Restaurants,USA,211510000000.0,25.69,292.68,0.84%,7658971,1000000000.0
7,BX,Blackstone Inc,Financial,Asset Management,USA,209580000000.0,58.73,170.84,1.14%,10846191,1000000000.0
14,IBM,International Business Machines Corp,Technology,Information Technology Services,USA,206010000000.0,32.51,223.36,-0.25%,12243163,1000000000.0
17,LIN,Linde Plc,Basic Materials,Specialty Chemicals,United Kingdom,204310000000.0,32.2,424.31,1.12%,6609700,1000000000.0
11,DIS,Walt Disney Co,Communication Services,Entertainment,USA,204080000000.0,41.24,112.03,0.59%,17725842,1000000000.0
19,MS,Morgan Stanley,Financial,Capital Markets,USA,203720000000.0,18.76,123.44,2.44%,14883212,1000000000.0
1,ABT,Abbott Laboratories,Healthcare,Medical Devices,USA,201320000000.0,34.74,114.23,1.61%,11945003,1000000000.0
3,ADBE,Adobe Inc,Technology,Software - Infrastructure,USA,201250000000.0,36.06,447.17,2.24%,8091905,1000000000.0
19,PLTR,Palantir Technologies Inc,Technology,Software - Infrastructure,USA,199170000000.0,407.85,80.55,8.54%,278425773,1000000000.0
6,BABA,Alibaba Group Holding Ltd ADR,Consumer Cyclical,Internet Retail,China,197010000000.0,16.89,82.28,-2.41%,21221458,1000000000.0
4,AMD,Advanced Micro Devices Inc,Technology,Semiconductors,USA,193990000000.0,106.64,119.21,0.28%,53048228,1000000000.0
16,ISRG,Intuitive Surgical Inc,Healthcare,Medical Instruments & Supplies,USA,186980000000.0,84.29,524.43,0.10%,3890225,1000000000.0
12,GE,GE Aerospace,Industrials,Aerospace & Defense,USA,186170000000.0,29.7,168.37,2.17%,9239398,1000000000.0
15,INTU,Intuit Inc,Technology,Software - Application,USA,181920000000.0,62.59,643.39,1.01%,3449985,1000000000.0
13,GS,"Goldman Sachs Group, Inc",Financial,Capital Markets,USA,181590000000.0,16.61,566.1,2.19%,4512346,1000000000.0
8,CAT,Caterpillar Inc,Industrials,Farm & Heavy Construction Machinery,USA,179510000000.0,16.97,366.04,1.57%,5139348,1000000000.0
10,DHR,Danaher Corp,Healthcare,Diagnostics & Research,USA,166820000000.0,43.59,228.55,1.06%,7033388,1000000000.0
20,RTX,RTX Corp,Industrials,Aerospace & Defense,USA,156410000000.0,33.27,116.48,0.88%,13144519,1000000000.0
17,PFE,Pfizer Inc,Healthcare,Drug Manufacturers - General,USA,152800000000.0,35.43,26.36,2.29%,116140902,1000000000.0
14,NEE,NextEra Energy Inc,Utilities,Utilities - Regulated Electric,USA,151400000000.0,21.21,71.67,2.72%,27385908,1000000000.0
7,CMCSA,Comcast Corp,Communication Services,Telecom Services,USA,149460000000.0,10.3,38.22,2.19%,58854081,1000000000.0
11,HON,Honeywell International Inc,Industrials,Conglomerates,USA,149410000000.0,26.37,228.32,0.63%,6832804,1000000000.0
3,ANET,Arista Networks Inc,Technology,Computer Hardware,USA,146990000000.0,54.15,112.81,3.43%,10411187,1000000000.0
2,AMGN,AMGEN Inc,Healthcare,Drug Manufacturers - General,USA,142760000000.0,33.72,263.38,0.84%,13503398,1000000000.0
13,LOW,"Lowe's Cos., Inc",Consumer Cyclical,Home Improvement Retail,USA,141710000000.0,20.67,247.72,1.31%,5589183,1000000000.0
18,PGR,Progressive Corp,Financial,Insurance - Property & Casualty,USA,140730000000.0,17.43,239.97,0.11%,5581016,1000000000.0
4,ARM,Arm Holdings plc. ADR,Technology,Semiconductors,United Kingdom,138890000000.0,218.79,132.15,0.04%,5389609,1000000000.0
16,PDD,PDD Holdings Inc ADR,Consumer Cyclical,Internet Retail,China,138200000000.0,9.79,99.51,-1.48%,12084324,1000000000.0
1,AMAT,Applied Materials Inc,Technology,Semiconductor Equipment & Materials,USA,134880000000.0,19.0,163.59,1.33%,15049542,1000000000.0
12,KKR,KKR & Co. Inc,Financial,Asset Management,USA,134780000000.0,45.66,147.58,2.82%,8250093,1000000000.0
10,ETN,Eaton Corporation plc,Industrials,Specialty Industrial Machinery,Ireland,134610000000.00002,35.96,338.12,0.74%,4818455,1000000000.0
6,BA,Boeing Co,Industrials,Aerospace & Defense,USA,132810000000.0,-,177.35,0.18%,23166247,1000000000.0
6,C,Citigroup Inc,Financial,Banks - Diversified,USA,132330000000.00002,19.98,69.19,1.13%,27547289,1000000000.0
5,BSX,Boston Scientific Corp,Healthcare,Medical Devices,USA,131530000000.0,73.57,88.95,0.33%,15881495,1000000000.0
8,COP,Conoco Phillips,Energy,Oil & Gas E&P,USA,122970000000.0,11.3,95.12,-0.06%,29539146,1000000000.0
5,APP,Applovin Corp,Technology,Software - Application,USA,122420000000.0,103.17,340.99,6.98%,8898867,1000000000.0
2,ADP,Automatic Data Processing Inc,Technology,Software - Application,USA,120910000000.0,31.41,294.02,0.92%,4165820,1000000000.0
15,PANW,Palo Alto Networks Inc,Technology,Software - Infrastructure,USA,120900000000.0,48.69,186.78,-1.36%,13330673,1000000000.0
12,FI,"Fiserv, Inc",Technology,Information Technology Services,USA,119420000000.0,39.75,206.05,1.87%,6751705,1000000000.0
9,DE,Deere & Co,Industrials,Farm & Heavy Construction Machinery,USA,119070000000.0,16.89,432.49,1.37%,2437982,1000000000.0
7,BMY,Bristol-Myers Squibb Co,Healthcare,Drug Manufacturers - General,USA,118400000000.0,-,57.33,1.83%,45935720,1000000000.0
15,LMT,Lockheed Martin Corp,Industrials,Aerospace & Defense,USA,118180000000.0,17.70,489.02,1.95%,3962248,1000000000.0
14,GILD,"Gilead Sciences, Inc",Healthcare,Drug Manufacturers - General,USA,117240000000.0,1043.63,92.57,1.62%,22529402,1000000000.0
8,CB,Chubb Limited,Financial,Insurance - Property & Casualty,Switzerland,110140000000.0,11.19,273.2,0.01%,2945880,1000000000.0
1,ADI,Analog Devices Inc,Technology,Semiconductors,USA,107130000000.0,64.59,211.78,1.93%,6526120,1000000000.0
17,MDT,Medtronic Plc,Healthcare,Medical Devices,Ireland,105250000000.0,24.73,81.03,1.30%,10706627,1000000000.0
18,MMC,"Marsh & McLennan Cos., Inc",Financial,Insurance Brokers,USA,104680000000.0,26.11,211.74,0.66%,3007464,1000000000.0
9,CHTR,Charter Communications Inc,Communication Services,Telecom Services,USA,99600000000.0,11.01,351.5,-0.36%,2220590,1000000000.0
20,MRVL,Marvell Technology Inc,Technology,Semiconductors,USA,99300000000.0,-,111.9,2.56%,28752213,1000000000.0
19,MSTR,Microstrategy Inc,Technology,Software - Application,USA,98950000000.0,-,364.2,11.56%,44445451,1000000000.0
4,APO,Apollo Global Management Inc,Financial,Asset Management,USA,97570000000.0,18.00,171.03,0.83%,91225333,1000000000.0
13,GEV,GE Vernova Inc,Utilities,Utilities - Renewable,USA,97250000000.0,-,342.66,2.96%,5474064,1000000000.0
16,LRCX,Lam Research Corp,Technology,Semiconductor Equipment & Materials,USA,93120000000.0,23.23,71.79,0.81%,29395264,1000000000.0
19,MO,Altria Group Inc,Consumer Defensive,Tobacco,USA,92710000000.0,9.09,53.84,1.60%,27044237,1000000000.0
10,CRWD,Crowdstrike Holdings Inc,Technology,Software - Infrastructure,USA,92100000000.0,715.42,362.29,3.21%,5172816,1000000000.0
1,ABNB,Airbnb Inc,Consumer Cyclical,Travel Services,USA,88280000000.0,47.14,134.21,3.76%,15467211,1000000000.0
3,AMT,American Tower Corp,Real Estate,REIT - Specialty,USA,87930000000.0,77.45,183.73,2.41%,5750210,1000000000.0
14,ICE,Intercontinental Exchange Inc,Financial,Financial Data & Stock Exchanges,USA,87480000000.0,35.61,150.31,1.36%,6272922,1000000000.0
7,CME,CME Group Inc,Financial,Financial Data & Stock Exchanges,USA,86580000000.0,25.08,238.53,0.72%,3172049,1000000000.0
15,INTC,Intel Corp,Technology,Semiconductors,USA,86220000000.0,-,19.52,2.41%,106929251,1000000000.0
2,APH,Amphenol Corp,Technology,Electronic Components,USA,85780000000.0,40.50,70.58,0.81%,11635768,1000000000.0
16,KLAC,KLA Corp,Technology,Semiconductor Equipment & Materials,USA,85160000000.0,28.74,629.37,1.16%,2633378,1000000000.0
11,ELV,Elevance Health Inc,Healthcare,Healthcare Plans,USA,84750000000.0,13.34,365.96,-0.14%,3438136,1000000000.0
3,BN,Brookfield Corporation,Financial,Asset Management,Canada,84610000000.0,119.34,56.09,1.08%,2873049,1000000000.0
12,DUK,Duke Energy Corp,Utilities,Utilities - Regulated Electric,USA,84580000000.0,19.49,108.28,1.12%,6040396,1000000000.0
8,CMG,Chipotle Mexican Grill,Consumer Cyclical,Restaurants,USA,84480000000.0,57.50,61.87,0.21%,12593148,1000000000.0
10,DELL,Dell Technologies Inc,Technology,Computer Hardware,USA,83850000000.0,20.46,115.77,3.40%,11922954,1000000000.0
4,CDNS,"Cadence Design Systems, Inc",Technology,Software - Application,USA,83120000000.0,79.28,301.47,0.53%,3007579,1000000000.0
17,MAR,"Marriott International, Inc",Consumer Cyclical,Lodging,USA,80310000000.0,29.69,283.96,1.77%,2619113,1000000000.0
18,MDLZ,Mondelez International Inc,Consumer Defensive,Confectioners,USA,79580000000.0,21.07,59.39,0.20%,32240485,1000000000.0
13,HCA,HCA Healthcare Inc,Healthcare,Medical Care Facilities,USA,78480000000.0,13.63,303.62,2.05%,2925497,1000000000.0
5,CI,Cigna Group,Healthcare,Healthcare Plans,USA,77620000000.0,26.12,276.92,0.77%,3475514,1000000000.0
20,PNC,PNC Financial Services Group Inc,Financial,Banks - Regional,USA,77580000000.0,16.30,192.76,1.44%,3934022,1000000000.0
11,CTAS,Cintas Corporation,Industrials,Specialty Business Services,USA,77100000000.0,45.09,186.94,2.27%,6170071,1000000000.0
18,FTNT,Fortinet Inc,Technology,Software - Infrastructure,USA,76330000000.0,48.99,97.19,2.47%,13242732,1000000000.0
6,CL,Colgate-Palmolive Co,Consumer Defensive,Household & Personal Products,USA,74470000000.0,26.44,92.03,-0.96%,9767474,1000000000.0
20,MCK,Mckesson Corporation,Healthcare,Medical Distribution,USA,73660000000.0,30.05,579.74,0.09%,2057106,1000000000.0
19,GD,General Dynamics Corp,Industrials,Aerospace & Defense,USA,73430000000.0,20.08,263.64,1.29%,3524941,1000000000.0
10,DASH,DoorDash Inc,Communication Services,Internet Content & Information,USA,72450000000.0,-,171.0,2.00%,5875462,1000000000.0
12,EMR,Emerson Electric Co,Industrials,Specialty Industrial Machinery,USA,71680000000.0,36.20,124.09,1.42%,10431271,1000000000.0
5,CEG,Constellation Energy Corporation,Utilities,Utilities - Renewable,USA,71590000000.0,25.05,227.02,0.82%,4983892,1000000000.0
9,COIN,Coinbase Global Inc,Financial,Financial Data & Stock Exchanges,USA,71000000000.0,47.64,278.71,1.75%,9929368,1000000000.0
6,COF,Capital One Financial Corp,Financial,Credit Services,USA,69320000000.0,16.87,178.65,1.70%,5148840,1000000000.0
14,EPD,Enterprise Products Partners L P,Energy,Oil & Gas Midstream,USA,68190000000.0,11.62,30.99,1.51%,5879959,1000000000.0
13,EOG,"EOG Resources, Inc",Energy,Oil & Gas E&P,USA,67420000000.0,9.58,119.04,0.69%,10023298,1000000000.0
3,BDX,Becton Dickinson & Co,Healthcare,Medical Instruments & Supplies,USA,67160000000.0,38.33,227.68,1.72%,3083279,1000000000.0
15,ET,Energy Transfer LP,Energy,Oil & Gas Midstream,USA,66660000000.0,13.88,18.86,3.23%,23221580,1000000000.0
17,FDX,Fedex Corp,Industrials,Integrated Freight & Logistics,USA,66370000000.00001,17.58,275.73,-0.05%,8091022,1000000000.0
2,APD,Air Products & Chemicals Inc,Basic Materials,Specialty Chemicals,USA,66010000000.00001,17.17,294.99,0.62%,2248694,1000000000.0
1,ADSK,Autodesk Inc,Technology,Software - Application,USA,65080000000.0,59.22,298.12,1.53%,4190264,1000000000.0
7,CRH,CRH Plc,Basic Materials,Building Materials,USA,64010000000.00001,18.72,93.64,0.62%,6652431,1000000000.0
4,CARR,Carrier Global Corp,Industrials,Building Products & Equipment,USA,63110000000.0,17.89,68.49,2.70%,11168972,1000000000.0
8,CSX,CSX Corp,Industrials,Railroads,USA,61950000000.0,17.12,31.85,0.85%,20140549,1000000000.0
8,HLT,Hilton Worldwide Holdings Inc,Consumer Cyclical,Lodging,USA,61710000000.0,53.51,249.42,1.49%,3026498,1000000000.0
11,KMI,Kinder Morgan Inc,Energy,Oil & Gas Midstream,USA,61040000000.0,23.6,26.85,2.32%,28503439,1000000000.0
18,OKE,Oneok Inc,Energy,Oil & Gas Midstream,USA,59920000000.0,20.95,100.08,2.48%,8587975,1000000000.0
11,DLR,Digital Realty Trust Inc,Real Estate,REIT - Specialty,USA,59820000000.0,152.31,178.57,1.00%,4801648,1000000000.0
7,GM,General Motors Company,Consumer Cyclical,Auto Manufacturers,USA,58630000000.0,5.53,51.81,2.92%,23720132,1000000000.0
1,AFL,Aflac Inc,Financial,Insurance - Life,USA,57860000000.0,15.46,102.69,1.42%,4640279,1000000000.0
3,BK,Bank Of New York Mellon Corp,Financial,Banks - Diversified,USA,57330000000.0,16.88,77.62,1.58%,13014271,1000000000.0
15,NTES,NetEase Inc ADR,Communication Services,Electronic Gaming & Multimedia,China,57320000000.0,15.64,92.09,0.30%,642431,1000000000.0
12,MET,Metlife Inc,Financial,Insurance - Life,USA,57210000000.0,16.41,81.36,1.56%,8226202,1000000000.0
16,FCX,Freeport-McMoRan Inc,Basic Materials,Copper,USA,56740000000.0,28.27,38.86,1.62%,22180860,1000000000.0
2,ARES,Ares Management Corp,Financial,Asset Management,USA,56710000000.0,79.07,176.04,2.90%,2426986,1000000000.0
9,CVS,CVS Health Corp,Healthcare,Healthcare Plans,USA,56560000000.0,11.27,44.36,1.32%,21081407,1000000000.0
4,CPRT,"Copart, Inc",Industrials,Specialty Business Services,USA,55880000000.0,40.8,58.22,-0.39%,9002737,1000000000.0
19,PCAR,Paccar Inc,Industrials,Farm & Heavy Construction Machinery,USA,55650000000.0,11.77,105.32,0.78%,6269136,1000000000.0
9,JCI,Johnson Controls International plc,Industrials,Building Products & Equipment,Ireland,54710000000.0,31.79,80.64,2.45%,6313597,1000000000.0
17,NXPI,NXP Semiconductors NV,Technology,Semiconductors,Netherlands,54200000000.0,20.07,210.24,1.43%,6099319,1000000000.0
14,NSC,Norfolk Southern Corp,Industrials,Railroads,USA,53790000000.0,21.96,234.15,1.54%,2698255,1000000000.0
2,ALL,Allstate Corp,Financial,Insurance - Property & Casualty,USA,52270000000.0,12.5,193.56,1.99%,2351387,1000000000.0
5,DDOG,Datadog Inc,Technology,Software - Application,USA,51650000000.0,276.68,149.46,1.72%,7381110,1000000000.0
13,MNST,Monster Beverage Corp,Consumer Defensive,Beverages - Non-Alcoholic,USA,51110000000.0,33.23,51.72,1.61%,11411336,1000000000.0
1,AEP,American Electric Power Company Inc,Utilities,Utilities - Regulated Electric,USA,50210000000.0,18.62,92.75,1.65%,6745872,1000000000.0
16,NU,Nu Holdings Ltd,Financial,Banks - Regional,Cayman Islands,49540000000.0,28.47,10.38,0.48%,65571596,1000000000.0
19,MPLX,MPLX LP,Energy,Oil & Gas Midstream,USA,49360000000.0,11.13,47.28,2.47%,3290137,1000000000.0
10,JD,JD.com Inc ADR,Consumer Cyclical,Internet Retail,China,49350000000.0,11.36,35.64,-0.75%,12434556,1000000000.0
17,LULU,Lululemon Athletica inc,Consumer Cyclical,Apparel Retail,Canada,48910000000.0,27.40,379.42,1.57%,3152623,1000000000.0
11,FLUT,Flutter Entertainment Plc,Consumer Cyclical,Gambling,USA,47750000000.0,-,264.78,1.32%,3226752,1000000000.0
16,LNG,Cheniere Energy Inc,Energy,Oil & Gas Midstream,USA,47540000000.0,13.33,208.89,1.43%,2599238,1000000000.0
5,CVNA,Carvana Co,Consumer Cyclical,Auto & Truck Dealerships,USA,46910000000.0,26721.43,224.46,0.66%,4870857,1000000000.0
2,AIG,American International Group Inc,Financial,Insurance - Diversified,USA,46360000000.0,19.84,72.69,2.25%,12054574,1000000000.0
8,FANG,Diamondback Energy Inc,Energy,Oil & Gas E&P,USA,45800000000.0,8.87,154.94,1.23%,7828514,1000000000.0
6,D,Dominion Energy Inc,Utilities,Utilities - Regulated Electric,USA,45640000000.0,19.14,53.66,1.26%,8671933,1000000000.0
12,HWM,Howmet Aerospace Inc,Industrials,Aerospace & Defense,USA,45640000000.0,42.43,110.83,1.35%,5806151,1000000000.0
20,PSX,Phillips 66,Energy,Oil & Gas Refining & Marketing,USA,45590000000.0,14.19,110.37,0.02%,8175260,1000000000.0
6,DHI,D.R. Horton Inc,Consumer Cyclical,Residential Construction,USA,45560000000.0,9.72,139.61,1.73%,7821322,1000000000.0
17,KR,Kroger Co,Consumer Defensive,Grocery Stores,USA,45410000000.0,16.37,61.85,1.46%,38429112,1000000000.0
20,NDAQ,Nasdaq Inc,Financial,Financial Data & Stock Exchanges,USA,44840000000.0,46.42,77.7,0.41%,7114254,1000000000.0
10,EW,Edwards Lifesciences Corp,Healthcare,Medical Devices,USA,44650000000.0,10.79,74.81,1.19%,14033776,1000000000.0
10,FIS,"Fidelity National Information Services, Inc",Technology,Information Technology Services,USA,44580000000.0,60.57,81.46,1.65%,8050130,1000000000.0
7,DFS,Discover Financial Services,Financial,Credit Services,USA,44470000000.0,13.97,173.16,2.30%,3770636,1000000000.0
4,COR,Cencora Inc,Healthcare,Medical Distribution,USA,44280000000.0,30.34,227.69,0.63%,1942692,1000000000.0
13,KDP,Keurig Dr Pepper Inc,Consumer Defensive,Beverages - Non-Alcoholic,USA,43870000000.0,19.59,32.37,-0.09%,24740067,1000000000.0
14,KMB,Kimberly-Clark Corp,Consumer Defensive,Household & Personal Products,USA,43750000000.0,17.03,131.32,-0.10%,5478424,1000000000.0
18,MPC,Marathon Petroleum Corp,Energy,Oil & Gas Refining & Marketing,USA,43430000000.0,10.56,133.38,1.31%,11476848,1000000000.0
9,FAST,Fastenal Co,Industrials,Industrial Distribution,USA,43320000000.0,37.18,74.82,1.07%,7629885,1000000000.0
2,AME,Ametek Inc,Industrials,Specialty Industrial Machinery,USA,42700000000.0,31.96,183.36,0.69%,2328114,1000000000.0
18,KVUE,Kenvue Inc,Consumer Defensive,Household & Personal Products,USA,42050000000.0,39.28,21.77,0.74%,22514649,1000000000.0
5,CPNG,Coupang Inc,Consumer Cyclical,Internet Retail,USA,41650000000.0,40.38,22.94,0.92%,4768824,1000000000.0
13,GLW,"Corning, Inc",Technology,Electronic Components,USA,40720000000.0,264.6,47.31,0.53%,11288557,1000000000.0
4,CBRE,CBRE Group Inc,Real Estate,Real Estate Services,USA,40630000000.0,41.57,129.16,2.79%,6056972,1000000000.0
7,CTVA,Corteva Inc,Basic Materials,Agricultural Inputs,USA,40430000000.0,58.24,57.48,2.35%,10975926,1000000000.0
3,BKR,Baker Hughes Co,Energy,Oil & Gas Equipment & Services,USA,40420000000.0,18.06,40.32,1.31%,17920565,1000000000.0
20,NET,Cloudflare Inc,Technology,Software - Infrastructure,USA,40140000000.0,-,112.69,3.79%,5113727,1000000000.0
11,F,Ford Motor Co,Consumer Cyclical,Auto Manufacturers,USA,39830000000.0,11.27,9.88,1.44%,86032455,1000000000.0
8,DAL,"Delta Air Lines, Inc",Industrials,Airlines,USA,39680000000.0,8.46,60.93,0.91%,13914523,1000000000.0
14,HES,Hess Corporation,Energy,Oil & Gas E&P,USA,39660000000.0,14.96,128.19,0.42%,3312421,1000000000.0
3,CCI,Crown Castle Inc,Real Estate,REIT - Specialty,USA,39370000000.0,32.16,90.66,-0.08%,8348715,1000000000.0
6,CTSH,Cognizant Technology Solutions Corp,Technology,Information Technology Services,USA,39160000000.0,17.53,79.23,-0.33%,5836208,1000000000.0
1,A,Agilent Technologies Inc,Healthcare,Diagnostics & Research,USA,39030000000.0,30.38,134.51,0.99%,4342841,1000000000.0
9,EA,"Electronic Arts, Inc",Communication Services,Electronic Gaming & Multimedia,USA,38740000000.0,37.95,147.8,-0.06%,4045669,1000000000.0
19,LVS,Las Vegas Sands Corp,Consumer Cyclical,Resorts & Casinos,USA,38600000000.0,25.97,52.25,1.89%,8653069,1000000000.0
16,IR,Ingersoll-Rand Inc,Industrials,Specialty Industrial Machinery,USA,37610000000.0,44.85,92.28,1.12%,5140092,1000000000.0
17,KHC,Kraft Heinz Co,Consumer Defensive,Packaged Foods,USA,37420000000.0,27.41,30.52,1.40%,20431009,1000000000.0
20,ODFL,"Old Dominion Freight Line, Inc",Industrials,Trucking,USA,37410000000.0,31.7,181.37,-3.39%,4959298,1000000000.0
15,LEN,Lennar Corp,Consumer Cyclical,Residential Construction,USA,37220000000.0,9.63,138.08,-0.23%,9056856,1000000000.0
8,EXC,Exelon Corp,Utilities,Utilities - Regulated Electric,USA,37030000000.0,15.26,37.02,-0.46%,20813114,1000000000.0
15,IQV,IQVIA Holdings Inc,Healthcare,Diagnostics & Research,USA,36880000000.0,25.87,197.27,3.00%,3345871,1000000000.0
9,GEHC,GE HealthCare Technologies Inc,Healthcare,Medical Devices,USA,36740000000.0,21.61,78.91,1.91%,11164311,1000000000.0
7,DKNG,DraftKings Inc,Consumer Cyclical,Gambling,USA,36390000000.0,-,40.35,2.41%,12510347,1000000000.0
12,FERG,Ferguson Enterprises Inc,Industrials,Industrial Distribution,USA,36320000000.0,21.41,178.17,1.95%,3703867,1000000000.0
5,CCL,Carnival Corp,Consumer Cyclical,Travel Services,USA,35660000000.0,19.27,26.8,6.43%,60776444,1000000000.0
12,HOOD,Robinhood Markets Inc,Financial,Capital Markets,USA,35160000000.0,65.32,38.33,3.76%,28922850,1000000000.0
1,ACGL,Arch Capital Group Ltd,Financial,Insurance - Diversified,Bermuda,35000000000.0,6.11,90.99,2.25%,5074887,1000000000.0
10,GIS,"General Mills, Inc",Consumer Defensive,Packaged Foods,USA,34840000000.0,13.84,63.61,-0.62%,10672784,1000000000.0
3,CCEP,Coca-Cola Europacific Partners Plc,Consumer Defensive,Beverages - Non-Alcoholic,United Kingdom,34820000000.0,19.82,75.17,0.62%,2515744,1000000000.0
15,HSY,Hershey Company,Consumer Defensive,Confectioners,USA,34720000000.0,19.61,170.26,0.78%,2534825,1000000000.0
10,DXCM,Dexcom Inc,Healthcare,Medical Devices,USA,33000000000.0,47.98,80.04,5.57%,11493428,1000000000.0
7,DECK,Deckers Outdoor Corp,Consumer Cyclical,Footwear & Accessories,USA,32939999999.999996,37.13,210.97,2.77%,3713240,1000000000.0
13,ETR,Entergy Corp,Utilities,Utilities - Regulated Electric,USA,32490000000.000004,18.29,75.13,0.86%,6773013,1000000000.0
5,DD,DuPont de Nemours Inc,Basic Materials,Specialty Chemicals,USA,32479999999.999996,40.65,77.28,0.56%,4820709,1000000000.0
11,HIG,Hartford Financial Services Group Inc,Financial,Insurance - Property & Casualty,USA,32450000000.000004,10.96,109.47,2.25%,5733648,1000000000.0
19,MTB,M & T Bank Corp,Financial,Banks - Regional,USA,32130000000.000004,14.02,189.48,2.19%,3342347,1000000000.0
16,IRM,Iron Mountain Inc,Real Estate,REIT - Specialty,USA,31900000000.0,297.06,105.1,3.42%,5696040,1000000000.0
11,EBAY,EBay Inc,Consumer Cyclical,Internet Retail,USA,31660000000.0,16.42,65.01,1.66%,12495942,1000000000.0
6,ED,"Consolidated Edison, Inc",Utilities,Utilities - Regulated Electric,USA,31530000000.0,16.94,90.03,1.08%,4836735,1000000000.0
7,EIX,Edison International,Utilities,Utilities - Regulated Electric,USA,31410000000.0,23.33,79.52,2.04%,5974284,1000000000.0
13,HPQ,HP Inc,Technology,Computer Hardware,USA,31350000000.0,11.71,32.94,1.48%,17670986,1000000000.0
14,HUM,Humana Inc,Healthcare,Healthcare Plans,USA,31180000000.0,21.88,247.1,4.80%,4222422,1000000000.0
19,LYV,Live Nation Entertainment Inc,Communication Services,Entertainment,USA,30990000000.0,142.71,133.28,0.82%,4148321,1000000000.0
6,CNC,Centene Corp,Healthcare,Healthcare Plans,USA,30010000000.0,10.33,59.58,-0.22%,26095721,1000000000.0
4,CSGP,"Costar Group, Inc",Real Estate,Real Estate Services,USA,29960000000.0,166.14,71.44,2.29%,6921211,1000000000.0
3,BRO,"Brown & Brown, Inc",Financial,Insurance Brokers,USA,29610000000.0,28.03,102.93,0.62%,2702813,1000000000.0
18,MCHP,"Microchip Technology, Inc",Technology,Semiconductors,USA,29550000000.0,38.71,55.51,-0.86%,26960450,1000000000.0
17,HPE,Hewlett Packard Enterprise Co,Technology,Communication Equipment,USA,29400000000.0,11.43,21.61,3.45%,43676320,1000000000.0
14,FITB,Fifth Third Bancorp,Financial,Banks - Regional,USA,29240000000.0,14.32,42.93,1.59%,11112531,1000000000.0
15,GDDY,Godaddy Inc,Technology,Software - Infrastructure,USA,29190000000.0,15.88,205.41,1.22%,2417331,1000000000.0
4,CAH,"Cardinal Health, Inc",Healthcare,Medical Distribution,USA,28940000000.0,22.98,118.28,1.09%,9160340,1000000000.0
16,GPN,"Global Payments, Inc",Technology,Software - Infrastructure,USA,28880000000.0,21.12,112.03,1.31%,3247657,1000000000.0
18,KEYS,Keysight Technologies Inc,Technology,Scientific & Technical Instruments,USA,28860000000.0,46.66,163.22,2.11%,4499813,1000000000.0
6,EQR,Equity Residential Properties Trust,Real Estate,REIT - Residential,USA,28640000000.0,29.87,71.35,2.68%,4765354,1000000000.0
8,DOW,Dow Inc,Basic Materials,Chemicals,USA,28560000000.0,26.77,39.94,2.15%,17538317,1000000000.0
20,ON,ON Semiconductor Corp,Technology,Semiconductors,USA,28190000000.0,16.25,65.5,1.08%,12537763,1000000000.0
13,K,Kellanova Co,Consumer Defensive,Packaged Foods,USA,27800000000.0,27.67,80.5,0.20%,5307172,1000000000.0
2,BNTX,BioNTech SE ADR,Healthcare,Biotechnology,Germany,27110000000.0,-,113.08,1.56%,924764,1000000000.0
12,EL,"Estee Lauder Cos., Inc",Consumer Defensive,Household & Personal Products,USA,26570000000.0,132.79,74.36,-0.46%,7619375,1000000000.0
8,FTV,Fortive Corp,Technology,Scientific & Technical Instruments,USA,26260000000.0,29.67,74.45,1.65%,8665731,1000000000.0
4,CHD,"Church & Dwight Co., Inc",Consumer Defensive,Household & Personal Products,USA,26060000000.0,47.66,106.1,0.24%,3413335,1000000000.0
7,EQT,EQT Corp,Energy,Oil & Gas E&P,USA,25860000000.0,50.95,42.99,0.80%,12796823,1000000000.0
12,IOT,Samsara Inc,Technology,Software - Infrastructure,USA,25830000000.0,-,44.32,3.87%,5982687,1000000000.0
5,DTE,DTE Energy Co,Utilities,Utilities - Regulated Electric,USA,25330000000.0,16.28,120.18,1.75%,3035925,1000000000.0
5,BXP,BXP Inc,Real Estate,REIT - Office,USA,25220000000.0,32.37,74.64,1.79%,3031969,1000000000.0
2,AWK,American Water Works Co. Inc,Utilities,Utilities - Regulated Water,USA,24960000000.0,24.98,125.92,1.69%,3294444,1000000000.0
1,ADM,Archer Daniels Midland Co,Consumer Defensive,Farm Products,USA,24700000000.0,14.40,50.49,2.25%,11987446,1000000000.0
16,NTAP,Netapp Inc,Technology,Computer Hardware,USA,24470000000.0,21.74,118.45,1.60%,3813565,1000000000.0
9,EXPE,Expedia Group Inc,Consumer Cyclical,Travel Services,USA,24420000000.0,23.82,184.75,2.98%,4133575,1000000000.0
11,HBAN,"Huntington Bancshares, Inc",Financial,Banks - Regional,USA,24320000000.0,15.85,16.32,2.58%,41935798,1000000000.0
18,PPL,PPL Corp,Utilities,Utilities - Regulated Electric,USA,24240000000.0,29.17,32.43,1.28%,9993355,1000000000.0
14,LYB,LyondellBasell Industries NV,Basic Materials,Specialty Chemicals,United Kingdom,24040000000.0,11.19,73.5,0.73%,6570571,1000000000.0
1,AEE,Ameren Corp,Utilities,Utilities - Regulated Electric,USA,24030000000.0,21.01,89.29,0.81%,3693703,1000000000.0
1,BIDU,Baidu Inc ADR,Communication Services,Internet Content & Information,China,24020000000.0,10.59,85.8,0.26%,2821120,1000000000.0
19,RKT,Rocket Companies Inc,Financial,Mortgage Finance,USA,23960000000.0,-,11.82,1.63%,6288388,1000000000.0
5,CDW,CDW Corp,Technology,Information Technology Services,USA,23430000000.0,21.32,174.53,0.72%,2589272,1000000000.0
9,GFS,GlobalFoundries Inc,Technology,Semiconductors,USA,23410000000.0,31.28,41.72,1.02%,3492087,1000000000.0
10,FE,Firstenergy Corp,Utilities,Utilities - Regulated Electric,USA,23300000000.0,25.70,39.79,1.61%,7886483,1000000000.0
17,PHM,PulteGroup Inc,Consumer Cyclical,Residential Construction,USA,23000000000.0,8.15,110.52,1.50%,4504651,1000000000.0
10,HAL,Halliburton Co,Energy,Oil & Gas Equipment & Services,USA,22990000000.0,9.06,25.97,0.78%,17989015,1000000000.0
3,BAM,Brookfield Asset Management Ltd,Financial,Asset Management,Canada,22840000000.0,49.49,54.42,0.37%,1113339,1000000000.0
3,CCJ,Cameco Corp,Energy,Uranium,Canada,22820000000.0,267.14,52.44,-0.89%,3551718,1000000000.0
18,ROL,"Rollins, Inc",Consumer Cyclical,Personal Services,USA,22680000000.0,48.40,46.92,-0.19%,4840914,1000000000.0
9,DRI,"Darden Restaurants, Inc",Consumer Cyclical,Restaurants,USA,22540000000.0,21.51,187.59,2.26%,4138357,1000000000.0
20,TOST,Toast Inc,Technology,Software - Infrastructure,USA,22330000000.0,-,37.58,4.59%,10692702,1000000000.0
11,FOX,Fox Corporation,Communication Services,Entertainment,USA,22270000000.0,11.40,46.65,1.48%,2452065,1000000000.0
17,RF,Regions Financial Corp,Financial,Banks - Regional,USA,22160000000.0,13.42,23.77,2.59%,29359053,1000000000.0
2,ALAB,Astera Labs Inc,Technology,Semiconductors,USA,22120000000.0,-,132.17,5.50%,11480383,1000000000.0
8,EXE,Expand Energy Corp,Energy,Oil & Gas E&P,USA,22050000000.0,58.48,94.87,0.58%,7926462,1000000000.0
12,ILMN,Illumina Inc,Healthcare,Diagnostics & Research,USA,21900000000.0,-,136.02,1.51%,14342252,1000000000.0
14,NTRA,Natera Inc,Healthcare,Diagnostics & Research,USA,21880000000.0,-,161.88,2.40%,3137784,1000000000.0
11,IFF,International Flavors & Fragrances Inc,Basic Materials,Specialty Chemicals,USA,21870000000.0,-,85.74,-0.23%,4202973,1000000000.0
5,CNP,Centerpoint Energy Inc,Utilities,Utilities - Regulated Electric,USA,21730000000.0,21.56,32.54,2.46%,14446695,1000000000.0
19,PSTG,Pure Storage Inc,Technology,Computer Hardware,USA,21700000000.0,169.79,64.4,3.30%,6473904,1000000000.0
2,AFRM,Affirm Holdings Inc,Technology,Software - Infrastructure,USA,21480000000.0,-,65.64,4.19%,8692913,1000000000.0
10,EDR,Endeavor Group Holdings Inc,Communication Services,Entertainment,USA,21440000000.0,-,31.21,0.39%,1767378,1000000000.0
13,MKC,"McCormick & Co., Inc",Consumer Defensive,Packaged Foods,USA,21320000000.0,26.83,78.86,0.79%,3337860,1000000000.0
19,TECK,Teck Resources Ltd,Basic Materials,Other Industrial Metals & Mining,Canada,21270000000.0,65.61,40.94,2.38%,3471376,1000000000.0
7,ES,Eversource Energy,Utilities,Utilities - Regulated Electric,USA,21260000000.0,-,56.95,1.88%,7235117,1000000000.0
4,BIIB,Biogen Inc,Healthcare,Drug Manufacturers - General,USA,21210000000.0,13.23,146.47,-0.62%,5775355,1000000000.0
15,NTRS,Northern Trust Corp,Financial,Asset Management,USA,20710000000.0,12.76,102.48,1.96%,3477116,1000000000.0
3,CLX,Clorox Co,Consumer Defensive,Household & Personal Products,USA,20390000000.0,57.55,164.44,0.19%,4020577,1000000000.0
6,DVN,Devon Energy Corp,Energy,Oil & Gas E&P,USA,20380000000.0,5.70,30.77,0.82%,34625588,1000000000.0
17,LUV,Southwest Airlines Co,Industrials,Airlines,USA,20260000000.0,-,33.28,1.53%,14984920,1000000000.0
12,FSLR,First Solar Inc,Technology,Solar,USA,20250000000.0,15.71,182.39,3.70%,3383811,1000000000.0
4,CMS,CMS Energy Corporation,Utilities,Utilities - Regulated Electric,USA,20160000000.0,19.08,66.61,1.29%,3444948,1000000000.0
14,INVH,Invitation Homes Inc,Real Estate,REIT - Residential,USA,19950000000.0,79.22,32.14,1.32%,10158091,1000000000.0
16,PINS,Pinterest Inc,Communication Services,Internet Content & Information,USA,19850000000.0,95.31,29.49,-0.41%,16806902,1000000000.0
2,CFG,Citizens Financial Group Inc,Financial,Banks - Regional,USA,19600000000.0,17.10,43.45,2.36%,12712350,1000000000.0
16,LDOS,Leidos Holdings Inc,Technology,Information Technology Services,USA,19540000000.0,16.50,144.81,1.12%,3054724,1000000000.0
1,AER,Aercap Holdings N.V,Industrials,Rental & Leasing Services,Ireland,19440000000.0,7.49,94.53,1.56%,1557725,1000000000.0
13,GRAB,Grab Holdings Limited,Technology,Software - Application,Singapore,19330000000.0,-,4.9,-0.41%,26915612,1000000000.0
20,SNAP,Snap Inc,Communication Services,Internet Content & Information,USA,19290000000.0,-,11.4,0.88%,38177626,1000000000.0
15,IP,International Paper Co,Consumer Cyclical,Packaging & Containers,USA,19130000000.0,46.30,54.45,1.13%,6633537,1000000000.0
8,DOCU,DocuSign Inc,Technology,Software - Application,USA,19130000000.0,19.45,94.41,0.28%,12471202,1000000000.0
6,COO,"Cooper Companies, Inc",Healthcare,Medical Instruments & Supplies,USA,18960000000.0,47.78,93.44,1.64%,2784859,1000000000.0
20,ONON,On Holding AG,Consumer Cyclical,Footwear & Accessories,Switzerland,18960000000.0,130.82,57.14,3.63%,2192415,1000000000.0
20,SMCI,Super Micro Computer Inc,Technology,Computer Hardware,USA,18710000000.0,15.87,31.59,1.12%,85478965,1000000000.0
18,NRG,NRG Energy Inc,Utilities,Utilities - Independent Power Producers,USA,18570000000.0,21.91,90.45,1.34%,6470121,1000000000.0
6,CG,Carlyle Group Inc,Financial,Asset Management,USA,18400000000.0,169.32,50.22,2.43%,3839977,1000000000.0
5,BBY,Best Buy Co. Inc,Consumer Cyclical,Specialty Retail,USA,18370000000.0,14.61,85.55,0.41%,5212665,1000000000.0
15,MDB,MongoDB Inc,Technology,Software - Infrastructure,USA,18340000000.0,-,245.63,0.26%,3287444,1000000000.0
10,DKS,"Dicks Sporting Goods, Inc",Consumer Cyclical,Specialty Retail,USA,17920000000.0,15.63,218.76,0.54%,1757248,1000000000.0
1,BLDR,Builders Firstsource Inc,Industrials,Building Products & Equipment,USA,17820000000.0,14.71,150.5,2.88%,4261438,1000000000.0
18,NTNX,Nutanix Inc,Technology,Software - Infrastructure,USA,17750000000.0,-,65.07,1.83%,4784148,1000000000.0
3,ARE,Alexandria Real Estate Equities Inc,Real Estate,REIT - Office,USA,17670000000.0,60.47,99.17,1.93%,4019500,1000000000.0
19,OMC,"Omnicom Group, Inc",Communication Services,Advertising Agencies,USA,17650000000.0,12.13,88.86,1.10%,6003337,1000000000.0
8,CTRA,Coterra Energy Inc,Energy,Oil & Gas E&P,USA,17450000000.0,14.38,23.68,0.04%,18267549,1000000000.0
13,HRL,Hormel Foods Corp,Consumer Defensive,Packaged Foods,USA,17450000000.0,21.60,31.68,0.32%,4771119,1000000000.0
11,GEN,Gen Digital Inc,Technology,Software - Infrastructure,USA,17390000000.0,28.37,27.83,1.38%,13620765,1000000000.0
9,DG,Dollar General Corp,Consumer Defensive,Discount Stores,USA,17370000000.0,12.58,76.4,3.40%,5794090,1000000000.0
14,ICLR,Icon Plc,Healthcare,Diagnostics & Research,Ireland,17370000000.0,23.11,207.51,1.42%,789512,1000000000.0
15,KEY,Keycorp,Financial,Banks - Regional,USA,17220000000.0,1553.64,17.09,1.67%,28981745,1000000000.0
7,CRBG,Corebridge Financial Inc,Financial,Asset Management,USA,17200000000.0,-,29.66,1.96%,5506747,1000000000.0
4,BAH,Booz Allen Hamilton Holding Corp,Industrials,Consulting Services,USA,17090000000.0,20.62,131.19,1.97%,2892376,1000000000.0
17,NI,NiSource Inc,Utilities,Utilities - Regulated Gas,USA,17020000000.0,21.98,36.17,0.84%,10403991,1000000000.0
19,SOFI,SoFi Technologies Inc,Financial,Credit Services,USA,17010000000.000002,129.75,15.35,2.13%,52146105,1000000000.0
1,BALL,Ball Corp,Consumer Cyclical,Packaging & Containers,USA,16780000000.000002,-,55.8,0.79%,6666106,1000000000.0
13,JBL,Jabil Inc,Technology,Electronic Components,USA,16719999999.999998,13.91,145.0,3.25%,6852215,1000000000.0
8,DT,Dynatrace Inc,Technology,Software - Application,USA,16640000000.0,100.61,54.64,2.02%,6623301,1000000000.0
6,DLTR,Dollar Tree Inc,Consumer Defensive,Discount Stores,USA,16570000000.0,-,72.94,5.62%,6987640,1000000000.0
12,HOLX,"Hologic, Inc",Healthcare,Medical Instruments & Supplies,USA,16460000000.0,21.58,71.65,1.26%,8560791,1000000000.0
16,MAS,Masco Corp,Industrials,Building Products & Equipment,USA,16420000000.000002,19.79,74.39,2.34%,4394588,1000000000.0
12,GPC,Genuine Parts Co,Consumer Cyclical,Auto Parts,USA,16250000000.0,14.89,115.73,0.97%,2689392,1000000000.0
15,KIM,Kimco Realty Corporation,Real Estate,REIT - Retail,USA,16070000000.0,43.56,23.42,1.78%,9672348,1000000000.0
14,JEF,Jefferies Financial Group Inc,Financial,Capital Markets,USA,15860000000.0,32.61,76.22,1.28%,3488001,1000000000.0
6,AS,Amer Sports Inc,Consumer Cyclical,Leisure,Finland,15780000000.0,-,28.18,2.47%,1871829,1000000000.0
10,EXPD,"Expeditors International Of Washington, Inc",Industrials,Integrated Freight & Logistics,USA,15430000000.0,21.74,111.48,-1.12%,2354344,1000000000.0
2,BAX,Baxter International Inc,Healthcare,Medical Instruments & Supplies,USA,15380000000.0,128.65,29.5,2.08%,12194858,1000000000.0
12,FLEX,Flex Ltd,Technology,Electronic Components,USA,15380000000.0,17.14,38.64,2.63%,8455536,1000000000.0
5,COHR,Coherent Corp,Technology,Scientific & Technical Instruments,USA,15340000000.0,-,97.67,1.55%,4915158,1000000000.0
16,LNT,Alliant Energy Corp,Utilities,Utilities - Regulated Electric,USA,15310000000.0,22.89,58.95,1.18%,2567531,1000000000.0
9,ENTG,Entegris Inc,Technology,Semiconductor Equipment & Materials,USA,15260000000.0,66.05,99.46,1.58%,4080726,1000000000.0
17,MRNA,Moderna Inc,Healthcare,Biotechnology,USA,15090000000.0,-,39.39,-0.43%,35461757,1000000000.0
10,EQH,Equitable Holdings Inc,Financial,Insurance - Diversified,USA,15080000000.0,-,46.52,3.42%,8130476,1000000000.0
18,RPRX,Royalty Pharma plc,Healthcare,Biotechnology,USA,15070000000.0,9.75,24.92,2.64%,7573804,1000000000.0
4,CF,CF Industries Holdings Inc,Basic Materials,Agricultural Inputs,USA,14990000000.0,13.46,84.98,1.38%,6297828,1000000000.0
20,RIVN,Rivian Automotive Inc,Consumer Cyclical,Auto Manufacturers,USA,14950000000.0,-,13.83,5.90%,41655667,1000000000.0
8,BSY,Bentley Systems Inc,Technology,Software - Application,USA,14670000000.0,43.28,48.14,0.84%,2583407,1000000000.0
20,SYM,Symbotic Inc,Industrials,Specialty Industrial Machinery,USA,14670000000.0,-,23.99,4.12%,3249412,1000000000.0
7,DOC,Healthpeak Properties Inc,Real Estate,REIT - Healthcare Facilities,USA,14620000000.0,43.03,20.12,1.82%,12559116,1000000000.0
1,AKAM,Akamai Technologies Inc,Technology,Software - Infrastructure,USA,14600000000.0,28.41,95.89,1.39%,3022643,1000000000.0
7,AVTR,Avantor Inc,Healthcare,Medical Instruments & Supplies,USA,14570000000.0,46.68,21.21,0.90%,10967710,1000000000.0
18,OKTA,Okta Inc,Technology,Software - Infrastructure,USA,14550000000.0,-,83.28,1.95%,4803542,1000000000.0
11,EVRG,Evergy Inc,Utilities,Utilities - Regulated Electric,USA,14340000000.0,16.59,61.43,1.49%,3325609,1000000000.0
8,CHWY,Chewy Inc,Consumer Cyclical,Internet Retail,USA,14310000000.0,36.47,33.72,3.82%,11045664,1000000000.0
4,APTV,Aptiv PLC,Consumer Cyclical,Auto Parts,Ireland,14280000000.0,6.57,58.86,3.25%,15715428,1000000000.0
9,CNH,CNH Industrial NV,Industrials,Farm & Heavy Construction Machinery,United Kingdom,14090000000.0,8.17,11.14,1.27%,14812450,1000000000.0
17,MBLY,Mobileye Global Inc,Consumer Cyclical,Auto Parts,Israel,14030000000.0,-,17.51,-1.19%,6319775,1000000000.0
11,FTAI,FTAI Aviation Ltd,Industrials,Rental & Leasing Services,USA,13930000000.0,-,133.49,1.79%,2480765,1000000000.0
3,CAVA,Cava Group Inc,Consumer Cyclical,Restaurants,USA,13870000000.0,261.48,119.05,1.71%,2945764,1000000000.0
5,ARCC,Ares Capital Corp,Financial,Asset Management,USA,13810000000.0,8.22,21.38,1.18%,9042881,1000000000.0
19,REG,Regency Centers Corporation,Real Estate,REIT - Retail,USA,13730000000.0,34.78,73.8,1.91%,3284033,1000000000.0
13,GME,Gamestop Corporation,Consumer Cyclical,Specialty Retail,USA,13700000000.0,166.78,29.82,2.83%,19324318,1000000000.0
3,AMH,American Homes 4 Rent,Real Estate,REIT - Residential,USA,13670000000.0,38.16,36.52,1.28%,6057309,1000000000.0
14,INCY,Incyte Corp,Healthcare,Biotechnology,USA,13610000000.0,487.54,68.84,2.65%,6766738,1000000000.0
2,AMCR,Amcor Plc,Consumer Cyclical,Packaging & Containers,United Kingdom,13590000000.0,17.72,9.4,0.00%,39566981,1000000000.0
11,ELS,Equity Lifestyle Properties Inc,Real Estate,REIT - Residential,USA,13420000000.0,35.50,66.61,0.65%,4409066,1000000000.0
16,LINE,Lineage Inc,Real Estate,REIT - Industrial,USA,13380000000.0,-,58.57,2.93%,2597067,1000000000.0
13,HST,Host Hotels & Resorts Inc,Real Estate,REIT - Hotel & Motel,USA,13130000000.0,17.81,18.2,3.23%,19632759,1000000000.0
13,GLPI,Gaming and Leisure Properties Inc,Real Estate,REIT - Specialty,USA,13090000000.0,16.45,47.08,1.33%,4294800,1000000000.0
6,CAG,Conagra Brands Inc,Consumer Defensive,Packaged Foods,USA,13080000000.0,26.49,27.11,1.12%,14502479,1000000000.0
15,KMX,Carmax Inc,Consumer Cyclical,Auto & Truck Dealerships,USA,13060000000.0,28.64,84.27,0.05%,4188560,1000000000.0
7,CIEN,CIENA Corp,Technology,Communication Equipment,USA,12850000000.0,152.95,87.38,1.85%,3838621,1000000000.0
14,INSM,Insmed Inc,Healthcare,Biotechnology,USA,12790000000.0,-,70.44,1.48%,5932371,1000000000.0
4,BMRN,Biomarin Pharmaceutical Inc,Healthcare,Biotechnology,USA,12640000000.0,39.54,65.66,1.02%,3974318,1000000000.0
17,NCLH,Norwegian Cruise Line Holdings Ltd,Consumer Cyclical,Travel Services,USA,12530000000.0,26.11,26.91,5.90%,20032746,1000000000.0
15,JNPR,Juniper Networks Inc,Technology,Communication Equipment,USA,12410000000.0,49.09,37.24,0.65%,5209100,1000000000.0
12,FTI,TechnipFMC plc,Energy,Oil & Gas Equipment & Services,USA,12400000000.0,19.01,28.89,0.91%,7244722,1000000000.0
2,AUR,Aurora Innovation Inc,Technology,Information Technology Services,USA,12370000000.0,-,7.19,0.14%,17594794,1000000000.0
3,AU,AngloGold Ashanti Plc,Basic Materials,Gold,United Kingdom,12370000000.0,292.89,23.9,2.75%,5970156,1000000000.0
3,BJ,BJ's Wholesale Club Holdings Inc,Consumer Defensive,Discount Stores,USA,12360000000.0,22.52,93.77,-0.24%,2894464,1000000000.0
9,CPB,Campbells Co,Consumer Defensive,Packaged Foods,USA,12350000000.0,22.60,41.5,-0.19%,8828872,1000000000.0
7,CHRW,"C.H. Robinson Worldwide, Inc",Industrials,Integrated Freight & Logistics,USA,12260000000.0,36.09,104.34,-0.63%,1982985,1000000000.0
16,KVYO,Klaviyo Inc,Technology,Software - Infrastructure,USA,12250000000.0,-,44.08,3.04%,3013396,1000000000.0
19,RBRK,Rubrik Inc,Technology,Software - Infrastructure,USA,12090000000.0,-,66.12,-1.28%,8305580,1000000000.0
10,DAY,Dayforce Inc,Technology,Software - Application,USA,11940000000.0,225.42,74.84,1.14%,3705217,1000000000.0
4,BIRK,Birkenstock Holding Plc,Consumer Cyclical,Footwear & Accessories,United Kingdom,11900000000.0,54.53,60.4,4.88%,2428251,1000000000.0
17,PAA,Plains All American Pipeline LP,Energy,Oil & Gas Midstream,USA,11890000000.0,15.07,16.94,-0.24%,6131740,1000000000.0
20,SJM,J.M. Smucker Co,Consumer Defensive,Packaged Foods,USA,11790000000.0,22.20,109.89,0.84%,1989452,1000000000.0
8,CRDO,Credo Technology Group Holding Ltd,Technology,Semiconductors,Cayman Islands,11710000000.0,-,68.51,2.19%,6446544,1000000000.0
11,EXAS,Exact Sciences Corp,Healthcare,Diagnostics & Research,USA,11640000000.0,-,59.4,5.86%,3247381,1000000000.0
18,PCOR,Procore Technologies Inc,Technology,Software - Application,USA,11540000000.0,-,76.53,1.39%,3083221,1000000000.0
9,CTLT,Catalent Inc,Healthcare,Drug Manufacturers - Specialty & Generic,USA,11520000000.0,-,63.48,0.00%,0,1000000000.0
16,NVT,nVent Electric plc,Industrials,Electrical Equipment & Parts,United Kingdom,11450000000.0,20.34,69.55,-0.09%,3152934,1000000000.0
2,ACI,Albertsons Companies Inc,Consumer Defensive,Grocery Stores,USA,11370000000.0,11.38,19.52,0.57%,9898529,1000000000.0
10,DOCS,Doximity Inc,Healthcare,Health Information Services,USA,11320000000.0,66.53,57.83,4.80%,7927960,1000000000.0
12,FND,Floor & Decor Holdings Inc,Consumer Cyclical,Home Improvement Retail,USA,11310000000.0,56.13,101.38,4.03%,3665485,1000000000.0
1,AAL,American Airlines Group Inc,Industrials,Airlines,USA,11250000000.0,52.42,16.88,1.44%,28616131,1000000000.0
6,BG,Bunge Global SA,Consumer Defensive,Farm Products,USA,11210000000.0,10.00,79.1,1.51%,7008582,1000000000.0
5,BEN,"Franklin Resources, Inc",Financial,Asset Management,USA,11010000000.0,23.79,20.49,2.60%,9415720,1000000000.0
14,IPG,"Interpublic Group Of Cos., Inc",Communication Services,Advertising Agencies,USA,11000000000.0,13.73,29.07,1.54%,20514568,1000000000.0
14,FHN,First Horizon Corporation,Financial,Banks - Regional,USA,10940000000.0,14.49,19.94,3.48%,19423341,1000000000.0
19,PCVX,Vaxcyte Inc,Healthcare,Biotechnology,USA,10820000000.0,-,86.53,0.37%,3859357,1000000000.0
18,NLY,Annaly Capital Management Inc,Real Estate,REIT - Mortgage,USA,10800000000.0,-,19.02,1.33%,29157810,1000000000.0
7,CART,Maplebear Inc,Consumer Cyclical,Internet Retail,USA,10780000000.0,26.46,42.02,-0.12%,4655665,1000000000.0
10,ESTC,Elastic N.V,Technology,Software - Application,USA,10730000000.0,187.77,103.63,-0.08%,1858480,1000000000.0
3,ALLY,Ally Financial Inc,Financial,Credit Services,USA,10690000000.0,13.96,34.86,0.66%,5071521,1000000000.0
20,PPC,Pilgrim's Pride Corp,Consumer Defensive,Packaged Foods,USA,10630000000.0,11.14,46.16,-2.88%,5166839,1000000000.0
12,ENPH,Enphase Energy Inc,Technology,Solar,USA,10480000000.0,162.94,71.45,8.59%,6559419,1000000000.0
15,GTLB,Gitlab Inc,Technology,Software - Infrastructure,USA,10440000000.0,-,59.83,7.49%,4578777,1000000000.0
4,APG,APi Group Corporation,Industrials,Engineering & Construction,USA,10390000000.0,-,36.94,0.93%,1899216,1000000000.0
1,ALB,Albemarle Corp,Basic Materials,Specialty Chemicals,USA,10390000000.0,-,88.65,-0.30%,3682826,1000000000.0
16,MGM,MGM Resorts International,Consumer Cyclical,Resorts & Casinos,USA,10390000000.0,12.22,34.16,2.15%,8659535,1000000000.0
6,CFLT,Confluent Inc,Technology,Software - Infrastructure,USA,10350000000.0,-,29.98,5.23%,6632006,1000000000.0
18,OHI,"Omega Healthcare Investors, Inc",Real Estate,REIT - Healthcare Facilities,USA,10220000000.0,28.02,37.83,0.05%,9425022,1000000000.0
8,CNM,Core & Main Inc,Industrials,Industrial Distribution,USA,10120000000.0,23.80,50.54,0.82%,10195289,1000000000.0
1,AA,Alcoa Corp,Basic Materials,Aluminum,USA,10100000000.0,-,37.84,3.33%,8532785,1000000000.0
5,CCK,"Crown Holdings, Inc",Consumer Cyclical,Packaging & Containers,USA,10030000000.0,102.28,83.05,0.98%,6174480,1000000000.0
11,EDU,New Oriental Education & Technology Group Inc. ADR,Consumer Defensive,Education & Training Services,China,10020000000.0,26.16,61.27,2.05%,2014807,1000000000.0
2,ARMK,Aramark,Industrials,Specialty Business Services,USA,10020000000.0,38.22,37.62,0.56%,3668182,1000000000.0
9,CUBE,CubeSmart,Real Estate,REIT - Industrial,USA,9910000000.0,24.05,42.66,2.20%,4089285,1000000000.0
19,OVV,Ovintiv Inc,Energy,Oil & Gas E&P,USA,9850000000.0,5.01,37.78,0.11%,10750648,1000000000.0
17,LKQ,LKQ Corp,Consumer Cyclical,Auto Parts,USA,9820000000.0,13.66,36.88,2.44%,6187263,1000000000.0
20,PNW,Pinnacle West Capital Corp,Utilities,Utilities - Regulated Electric,USA,9700000000.0,16.09,84.96,0.43%,1876735,1000000000.0
13,EXEL,Exelixis Inc,Healthcare,Biotechnology,USA,9400000000.0,21.21,33.29,-1.16%,7648818,1000000000.0
15,LW,Lamb Weston Holdings Inc,Consumer Defensive,Packaged Foods,USA,8800000000.0,24.54,62.09,-0.66%,6510252,1000000000.0
9,DUO,Fangdd Network Group Ltd,Real Estate,Real Estate Services,China,,-,0.65,-1.45%,3121807,
